Language,Points,Mean Potential,Std Dev,Min,Max,Runtime (s)
Python,9,0.4219897702199398,0.16137721990377324,0.2184996448789857,0.6653236739122569,0.01121775
MATLAB,9,0.42198977021994,0.16137721990377324,0.218499644878986,0.665323673912257,0.03112012
Julia_Float64,9,0.4219897702199398,0.16137721990377324,0.2184996448789857,0.665323673912257,0.144171
Julia_BigFloat,9,0.42198977021993966,0.16137721990377324,0.21849964487898565,0.6653236739122568,0.58585
